<?xml version="1.0" encoding="UTF-8"?>
<!-- IMPORTANT: This is an internal file that has been generated
     by the Xilinx ISE software.  Any direct editing or
     changes made to this file may result in unpredictable
     behavior or data corruption.  It is strongly advised that
     users do not edit the contents of this file. -->
<DeviceUsageSummary rev="58">
<DesignStatistics TimeStamp="Wed May 15 17:17:23 2024"><group name="NetStatistics">
<item name="NumNets_Active" rev="50">
<attrib name="value" value="127"/></item>
<item name="NumNets_Gnd" rev="50">
<attrib name="value" value="1"/></item>
<item name="NumNets_Vcc" rev="50">
<attrib name="value" value="1"/></item>
<item name="NumNodesOfType_Active_CLKPIN" rev="50">
<attrib name="value" value="23"/></item>
<item name="NumNodesOfType_Active_CNTRLPIN" rev="50">
<attrib name="value" value="43"/></item>
<item name="NumNodesOfType_Active_DOUBLE" rev="50">
<attrib name="value" value="95"/></item>
<item name="NumNodesOfType_Active_DUMMY" rev="50">
<attrib name="value" value="145"/></item>
<item name="NumNodesOfType_Active_DUMMYESC" rev="50">
<attrib name="value" value="5"/></item>
<item name="NumNodesOfType_Active_GLOBAL" rev="50">
<attrib name="value" value="10"/></item>
<item name="NumNodesOfType_Active_HUNIHEX" rev="50">
<attrib name="value" value="1"/></item>
<item name="NumNodesOfType_Active_INPUT" rev="50">
<attrib name="value" value="185"/></item>
<item name="NumNodesOfType_Active_IOBOUTPUT" rev="50">
<attrib name="value" value="5"/></item>
<item name="NumNodesOfType_Active_OMUX" rev="50">
<attrib name="value" value="88"/></item>
<item name="NumNodesOfType_Active_OUTPUT" rev="50">
<attrib name="value" value="116"/></item>
<item name="NumNodesOfType_Active_PREBXBY" rev="50">
<attrib name="value" value="25"/></item>
<item name="NumNodesOfType_Active_VFULLHEX" rev="50">
<attrib name="value" value="6"/></item>
<item name="NumNodesOfType_Active_VUNIHEX" rev="50">
<attrib name="value" value="11"/></item>
<item name="NumNodesOfType_Gnd_INPUT" rev="50">
<attrib name="value" value="2"/></item>
<item name="NumNodesOfType_Gnd_OMUX" rev="50">
<attrib name="value" value="2"/></item>
<item name="NumNodesOfType_Gnd_OUTPUT" rev="50">
<attrib name="value" value="1"/></item>
<item name="NumNodesOfType_Gnd_PREBXBY" rev="50">
<attrib name="value" value="3"/></item>
</group>
<group name="SiteStatistics">
<item name="IBUF-DIFFMI" rev="50">
<attrib name="value" value="1"/></item>
<item name="IOB-DIFFM" rev="50">
<attrib name="value" value="1"/></item>
<item name="IOB-DIFFS" rev="50">
<attrib name="value" value="1"/></item>
<item name="SLICEL-SLICEM" rev="50">
<attrib name="value" value="6"/></item>
</group>
<group name="MiscellaneousStatistics">
<item name="AGG_BONDED_IO" rev="58">
<attrib name="value" value="7"/></item>
<item name="AGG_IO" rev="58">
<attrib name="value" value="7"/></item>
<item name="AGG_SLICE" rev="58">
<attrib name="value" value="67"/></item>
<item name="NUM_4_INPUT_LUT" rev="58">
<attrib name="value" value="128"/></item>
<item name="NUM_BONDED_IBUF" rev="58">
<attrib name="value" value="5"/></item>
<item name="NUM_BONDED_IOB" rev="58">
<attrib name="value" value="2"/></item>
<item name="NUM_BUFGMUX" rev="58">
<attrib name="value" value="1"/></item>
<item name="NUM_CYMUX" rev="58">
<attrib name="value" value="100"/></item>
<item name="NUM_LUT_RT" rev="58">
<attrib name="value" value="92"/></item>
<item name="NUM_SLICEL" rev="58">
<attrib name="value" value="67"/></item>
<item name="NUM_SLICE_FF" rev="58">
<attrib name="value" value="56"/></item>
<item name="NUM_XOR" rev="58">
<attrib name="value" value="96"/></item>
</group>
</DesignStatistics>
<ReportConfigData TimeStamp="Mon May 13 19:39:54 2024"><group name="SLICEL_CYMUXF">
<item name="0" rev="50">
<attrib name="0" value="36"/><attrib name="0_INV" value="0"/></item>
<item name="1" rev="50">
<attrib name="1_INV" value="0"/><attrib name="1" value="36"/></item>
</group>
<group name="SLICEL_CYMUXG">
<item name="0" rev="50">
<attrib name="0" value="34"/><attrib name="0_INV" value="0"/></item>
</group>
<group name="IBUF_PAD">
<item name="IOATTRBOX" rev="50">
<attrib name="LVCMOS25" value="5"/></item>
</group>
<group name="SLICEL">
<item name="BX" rev="50">
<attrib name="BX_INV" value="1"/><attrib name="BX" value="5"/></item>
<item name="BY" rev="50">
<attrib name="BY" value="2"/><attrib name="BY_INV" value="0"/></item>
<item name="CE" rev="50">
<attrib name="CE" value="21"/><attrib name="CE_INV" value="0"/></item>
<item name="CIN" rev="50">
<attrib name="CIN_INV" value="0"/><attrib name="CIN" value="33"/></item>
<item name="CLK" rev="50">
<attrib name="CLK" value="23"/><attrib name="CLK_INV" value="0"/></item>
<item name="SR" rev="50">
<attrib name="SR" value="21"/><attrib name="SR_INV" value="1"/></item>
</group>
<group name="IOB_OUTBUF">
<item name="IN" rev="50">
<attrib name="IN_INV" value="0"/><attrib name="IN" value="2"/></item>
</group>
<group name="SLICEL_FFX">
<item name="CE" rev="50">
<attrib name="CE" value="18"/><attrib name="CE_INV" value="0"/></item>
<item name="CK" rev="50">
<attrib name="CK" value="20"/><attrib name="CK_INV" value="0"/></item>
<item name="D" rev="50">
<attrib name="D" value="19"/><attrib name="D_INV" value="1"/></item>
<item name="FFX_INIT_ATTR" rev="50">
<attrib name="INIT0" value="20"/></item>
<item name="FFX_SR_ATTR" rev="50">
<attrib name="SRLOW" value="19"/><attrib name="SRHIGH" value="1"/></item>
<item name="LATCH_OR_FF" rev="50">
<attrib name="FF" value="20"/></item>
<item name="SR" rev="50">
<attrib name="SR" value="20"/><attrib name="SR_INV" value="0"/></item>
<item name="SYNC_ATTR" rev="50">
<attrib name="ASYNC" value="2"/><attrib name="SYNC" value="18"/></item>
</group>
<group name="SLICEL_XORF">
<item name="1" rev="50">
<attrib name="1_INV" value="0"/><attrib name="1" value="32"/></item>
</group>
<group name="SLICEL_FFY">
<item name="CE" rev="50">
<attrib name="CE" value="21"/><attrib name="CE_INV" value="0"/></item>
<item name="CK" rev="50">
<attrib name="CK" value="21"/><attrib name="CK_INV" value="0"/></item>
<item name="D" rev="50">
<attrib name="D" value="21"/><attrib name="D_INV" value="0"/></item>
<item name="FFY_INIT_ATTR" rev="50">
<attrib name="INIT0" value="21"/></item>
<item name="FFY_SR_ATTR" rev="50">
<attrib name="SRLOW" value="21"/></item>
<item name="LATCH_OR_FF" rev="50">
<attrib name="FF" value="21"/></item>
<item name="SR" rev="50">
<attrib name="SR" value="19"/><attrib name="SR_INV" value="1"/></item>
<item name="SYNC_ATTR" rev="50">
<attrib name="ASYNC" value="2"/><attrib name="SYNC" value="19"/></item>
</group>
<group name="BUFGMUX_GCLKMUX">
<item name="DISABLE_ATTR" rev="50">
<attrib name="LOW" value="1"/></item>
<item name="S" rev="50">
<attrib name="S_INV" value="1"/><attrib name="S" value="0"/></item>
</group>
<group name="SLICEL_F5MUX">
<item name="S0" rev="50">
<attrib name="S0" value="2"/><attrib name="S0_INV" value="0"/></item>
</group>
<group name="IOB_PAD">
<item name="DRIVEATTRBOX" rev="50">
<attrib name="12" value="2"/></item>
<item name="IOATTRBOX" rev="50">
<attrib name="LVCMOS25" value="2"/></item>
<item name="SLEW" rev="50">
<attrib name="SLOW" value="2"/></item>
</group>
<group name="IOB">
<item name="O1" rev="50">
<attrib name="O1_INV" value="0"/><attrib name="O1" value="2"/></item>
</group>
<group name="BUFGMUX">
<item name="S" rev="50">
<attrib name="S_INV" value="1"/><attrib name="S" value="0"/></item>
</group>
</ReportConfigData>
<ReportPinData TimeStamp="Mon May 13 19:39:54 2024"><group name="SLICEL_CYMUXF">
<item name="0" rev="50">
<attrib name="value" value="36"/></item>
<item name="1" rev="50">
<attrib name="value" value="36"/></item>
<item name="OUT" rev="50">
<attrib name="value" value="36"/></item>
<item name="S0" rev="50">
<attrib name="value" value="36"/></item>
</group>
<group name="SLICEL_CYMUXG">
<item name="0" rev="50">
<attrib name="value" value="34"/></item>
<item name="1" rev="50">
<attrib name="value" value="34"/></item>
<item name="OUT" rev="50">
<attrib name="value" value="34"/></item>
<item name="S0" rev="50">
<attrib name="value" value="34"/></item>
</group>
<group name="IBUF_PAD">
<item name="PAD" rev="50">
<attrib name="value" value="5"/></item>
</group>
<group name="IBUF_INBUF">
<item name="IN" rev="50">
<attrib name="value" value="5"/></item>
<item name="OUT" rev="50">
<attrib name="value" value="5"/></item>
</group>
<group name="BUFGMUX_GCLK_BUFFER">
<item name="IN" rev="50">
<attrib name="value" value="1"/></item>
<item name="OUT" rev="50">
<attrib name="value" value="1"/></item>
</group>
<group name="SLICEL">
<item name="BX" rev="50">
<attrib name="value" value="6"/></item>
<item name="BY" rev="50">
<attrib name="value" value="2"/></item>
<item name="CE" rev="50">
<attrib name="value" value="21"/></item>
<item name="CIN" rev="50">
<attrib name="value" value="33"/></item>
<item name="CLK" rev="50">
<attrib name="value" value="23"/></item>
<item name="COUT" rev="50">
<attrib name="value" value="34"/></item>
<item name="F1" rev="50">
<attrib name="value" value="43"/></item>
<item name="F2" rev="50">
<attrib name="value" value="11"/></item>
<item name="F3" rev="50">
<attrib name="value" value="8"/></item>
<item name="F4" rev="50">
<attrib name="value" value="6"/></item>
<item name="G1" rev="50">
<attrib name="value" value="44"/></item>
<item name="G2" rev="50">
<attrib name="value" value="12"/></item>
<item name="G3" rev="50">
<attrib name="value" value="11"/></item>
<item name="G4" rev="50">
<attrib name="value" value="9"/></item>
<item name="SR" rev="50">
<attrib name="value" value="22"/></item>
<item name="X" rev="50">
<attrib name="value" value="20"/></item>
<item name="XQ" rev="50">
<attrib name="value" value="20"/></item>
<item name="Y" rev="50">
<attrib name="value" value="19"/></item>
<item name="YQ" rev="50">
<attrib name="value" value="21"/></item>
</group>
<group name="IOB_OUTBUF">
<item name="IN" rev="50">
<attrib name="value" value="2"/></item>
<item name="OUT" rev="50">
<attrib name="value" value="2"/></item>
</group>
<group name="IBUF">
<item name="I" rev="50">
<attrib name="value" value="5"/></item>
<item name="PAD" rev="50">
<attrib name="value" value="5"/></item>
</group>
<group name="SLICEL_FFX">
<item name="CE" rev="50">
<attrib name="value" value="18"/></item>
<item name="CK" rev="50">
<attrib name="value" value="20"/></item>
<item name="D" rev="50">
<attrib name="value" value="20"/></item>
<item name="Q" rev="50">
<attrib name="value" value="20"/></item>
<item name="SR" rev="50">
<attrib name="value" value="20"/></item>
</group>
<group name="SLICEL_XORF">
<item name="0" rev="50">
<attrib name="value" value="32"/></item>
<item name="1" rev="50">
<attrib name="value" value="32"/></item>
<item name="O" rev="50">
<attrib name="value" value="32"/></item>
</group>
<group name="SLICEL_FFY">
<item name="CE" rev="50">
<attrib name="value" value="21"/></item>
<item name="CK" rev="50">
<attrib name="value" value="21"/></item>
<item name="D" rev="50">
<attrib name="value" value="21"/></item>
<item name="Q" rev="50">
<attrib name="value" value="21"/></item>
<item name="SR" rev="50">
<attrib name="value" value="20"/></item>
</group>
<group name="SLICEL_XORG">
<item name="0" rev="50">
<attrib name="value" value="32"/></item>
<item name="1" rev="50">
<attrib name="value" value="32"/></item>
<item name="O" rev="50">
<attrib name="value" value="32"/></item>
</group>
<group name="BUFGMUX_GCLKMUX">
<item name="I0" rev="50">
<attrib name="value" value="1"/></item>
<item name="OUT" rev="50">
<attrib name="value" value="1"/></item>
<item name="S" rev="50">
<attrib name="value" value="1"/></item>
</group>
<group name="SLICEL_F5MUX">
<item name="F" rev="50">
<attrib name="value" value="2"/></item>
<item name="G" rev="50">
<attrib name="value" value="2"/></item>
<item name="OUT" rev="50">
<attrib name="value" value="2"/></item>
<item name="S0" rev="50">
<attrib name="value" value="2"/></item>
</group>
<group name="IOB_PAD">
<item name="PAD" rev="50">
<attrib name="value" value="2"/></item>
</group>
<group name="IOB">
<item name="O1" rev="50">
<attrib name="value" value="2"/></item>
<item name="PAD" rev="50">
<attrib name="value" value="2"/></item>
</group>
<group name="SLICEL_C1VDD">
<item name="1" rev="50">
<attrib name="value" value="2"/></item>
</group>
<group name="BUFGMUX">
<item name="I0" rev="50">
<attrib name="value" value="1"/></item>
<item name="O" rev="50">
<attrib name="value" value="1"/></item>
<item name="S" rev="50">
<attrib name="value" value="1"/></item>
</group>
<group name="SLICEL_F">
<item name="A1" rev="50">
<attrib name="value" value="43"/></item>
<item name="A2" rev="50">
<attrib name="value" value="11"/></item>
<item name="A3" rev="50">
<attrib name="value" value="8"/></item>
<item name="A4" rev="50">
<attrib name="value" value="6"/></item>
<item name="D" rev="50">
<attrib name="value" value="43"/></item>
</group>
<group name="SLICEL_G">
<item name="A1" rev="50">
<attrib name="value" value="44"/></item>
<item name="A2" rev="50">
<attrib name="value" value="12"/></item>
<item name="A3" rev="50">
<attrib name="value" value="11"/></item>
<item name="A4" rev="50">
<attrib name="value" value="9"/></item>
<item name="D" rev="50">
<attrib name="value" value="44"/></item>
</group>
<group name="SLICEL_GNDF">
<item name="0" rev="50">
<attrib name="value" value="34"/></item>
</group>
<group name="SLICEL_GNDG">
<item name="0" rev="50">
<attrib name="value" value="34"/></item>
</group>
</ReportPinData>
<CmdHistory>
</CmdHistory>
</DeviceUsageSummary>
